전공,CSE2025,01,계산적사고법,3,이명숙,화,720,810,목,540,630
전공,CSE2026,01,이산구조,3,주태우,화,540,630,금,780,870
전공,CSE2026,02,이산구조,3,주태우,화,630,720,금,870,960
전공,CSE2028,01,어드벤처디자인,3,정진우,화,780,900,목,780,900
전공,CSE2028,02,어드벤처디자인,3,신연순,월,900,1020,수,900,1020
전공,CSE2028,04,어드벤처디자인,3,송양의,월,900,1020,수,900,1020
전공,CSE2015,01,웹프로그래밍,3,송양의,월,1050,1170,목,780,900
전공,CSE2015,02,웹프로그래밍,3,심규현,월,780,900,목,1020,1140
전공,CSE2015,03,웹프로그래밍,3,김신우,월,1020,1140,금,960,1080
전공,CSE2017,01,자료구조와실습,3,최은만,화,780,900,수,600,720
전공,CSE2017,02,자료구조와실습,3,김시명,월,1020,1140,수,900,1020
전공,CSE2024,01,프로그래밍언어개념,3,손윤식,월,630,720,수,870,960
전공,CSE2024,02,프로그래밍언어개념,3,주해종,화,1020,1110,목,1020,1110
학문기초,PRI4027,01,이산수학,3,정화용,월,720,810,수,660,750
학문기초,PRI4035,01,프로그래밍기초와실습,3,안영아,월,720,840,수,660,780
학문기초,PRI4035,02,프로그래밍기초와실습,3,홍성옥,월,960,1080,수,840,960
학문기초,PRI4035,03,프로그래밍기초와실습,3,강태선,화,840,960,금,840,960
학문기초,PRI4035,04,프로그래밍기초와실습,3,김윤선,화,840,960,금,810,930
학문기초,PRI4035,05,프로그래밍기초와실습,3,김시명,월,900,1020,수,1020,1140
학문기초,PRI4035,06,프로그래밍기초와실습,3,김경자,수,900,1020,금,780,900
학문기초,PRI4039,01,인터넷프로그래밍,3,윤성림,화,840,960,금,840,960
학문기초,PRI4039,02,인터넷프로그래밍,3,장은실,화,960,1080,목,990,1110
전공,CSE2013,01,시스템소프트웨어와실습,3,정준호,월,780,900,수,600,720
전공,CSE2013,02,시스템소프트웨어와실습,3,엄진영,화,780,900,금,840,960
전공,CSE2013,03,시스템소프트웨어와실습,3,엄진영,화,900,1020,금,600,720
전공,CSE2014,01,기초프로그래밍,3,김경자,수,780,900,금,600,720
전공,CSE2014,02,기초프로그래밍,3,김신우,월,900,1020,금,780,900
전공,CSE2022,01,심화프로그래밍,3,윤성림,월,600,720,수,780,900
전공,CSE2022,02,심화프로그래밍,3,김명준,화,1020,1140,금,600,720
전공,CSE2027,01,객체지향프로그래밍,3,이호정,화,600,720,목,900,1020
전공,CSE2027,02,객체지향프로그래밍,3,박재철,화,1020,1140,목,600,720
전공,CSE2027,03,객체지향프로그래밍,3,박재철,수,1020,1140,목,780,900
전공,CSE2027,04,객체지향프로그래밍,3,한인,월,780,900,목,1020,1140
전공,CSE4029,01,컴퓨터알고리즘과실습,3,정진우,화,900,1020,목,900,1020
전공,CSE4029,02,컴퓨터알고리즘과실습,3,주종화,월,600,720,수,780,900
전공,CSE4029,03,컴퓨터알고리즘과실습,3,정준호,화,1020,1140,목,600,720
전공,CSE4034,01,컴퓨터구조,3,장태무,월,630,720,수,540,630
전공,CSE4035,01,컴파일러구성,3,손윤식,월,1050,1140,금,630,720
전공,CSE4036,01,인공지능,3,김준태,화,900,990,목,1020,1110
전공,CSE4036,02,인공지능,3,김준태,화,1020,1110,목,900,990
전공,CSE4038,01,데이터통신입문,3,안종석,화,810,900,목,930,1020
전공,CSE4038,02,데이터통신입문,3,안종석,화,930,1020,목,810,900
전공,CSE4041,01,데이터베이스프로그래밍,3,이용규,월,600,720,수,900,1020
전공,CSE4041,02,데이터베이스프로그래밍,3,이용규,월,900,1020,수,600,720
전공,CSE4053,01,모바일컴퓨팅,3,김명준,화,930,1020,수,780,870
전공,CSE4058,01,소프트웨어공학개론,3,최은만,화,600,690,수,780,870
전공,CSE4058,02,소프트웨어공학개론,3,이호정,화,810,900,목,780,870
전공,CSE4066,01,컴퓨터공학종합설계1,3,정준호,월,930,1050,금,960,1080
전공,CSE4067,01,컴퓨터공학종합설계2,3,주종화,월,900,1020,금,960,1080
전공,CSE4067,02,컴퓨터공학종합설계2,3,안종석,화,1020,1140,금,960,1080
전공,CSE4067,03,컴퓨터공학종합설계2,3,손윤식,수,1020,1140,금,960,1080
전공,CSE4067,04,컴퓨터공학종합설계2,3,정진우,수,1020,1140,금,960,1080
전공,CSE4070,01,임베디드소프트웨어입문,3,이강우,월,960,1080,수,960,1080
전공,CSE4074,01,공개SW프로젝트,3,손윤식,월,930,1050,화,780,900
전공,CSE4074,02,공개SW프로젝트,3,정준호,화,630,750,금,810,930
전공,CSE4076,01,테크니컬프리젠테이션,3,주종화,수,600,720,목,600,720
전공,CSE4081,01,암호학과네트워크보안,3,김영부,금,570,660,금,660,750
전공,CSE4086,01,바이오인포매틱스알고리즘,3,주종화,월,780,900,화,600,720
공통교양,RGC0003,01,불교와인간,2,서정원(향원),수,1240,1340
공통교양,RGC0003,02,불교와인간,2,박영란(현서),월,540,660
공통교양,RGC0003,03,불교와인간,2,문진영(정천),월,540,660
공통교양,RGC0003,04,불교와인간,2,권순범,월,540,660
공통교양,RGC0003,05,불교와인간,2,강기선(도업),월,810,930
공통교양,RGC0003,06,불교와인간,2,고영섭,월,810,930
공통교양,RGC0003,07,불교와인간,2,오명지,화,540,660
공통교양,RGC0003,08,불교와인간,2,강기선(도업),화,540,660
공통교양,RGC0003,09,불교와인간,2,명계환,화,540,660
공통교양,RGC0003,10,불교와인간,2,이석환,화,540,660
공통교양,RGC0003,11,불교와인간,2,권정현(자헌),수,540,660
공통교양,RGC0003,12,불교와인간,2,김한상(Sumana),수,540,660
공통교양,RGC0003,13,불교와인간,2,전효진(진관),수,540,660
공통교양,RGC0003,14,불교와인간,2,전민지,목,540,660
공통교양,RGC0003,15,불교와인간,2,조종복,목,540,660
공통교양,RGC0003,16,불교와인간,2,조인숙(고따미),목,540,660
공통교양,RGC0003,17,불교와인간,2,지창규(명원),목,810,930
공통교양,RGC0003,18,불교와인간,2,전민지,목,810,930
공통교양,RGC0003,19,불교와인간,2,고영섭,목,810,930
공통교양,RGC0003,20,불교와인간,2,장성우,금,540,660
공통교양,RGC0003,21,불교와인간,2,김한상(Sumana),금,540,660
공통교양,RGC0003,22,불교와인간,2,조인숙(고따미),금,540,660
공통교양,RGC0003,23,불교와인간,2,김은영,금,540,660
공통교양,RGC0003,24,불교와인간,2,임윤경(석도),월,810,930
공통교양,RGC0003,25,불교와인간,2,김지연(묘련화),수,540,660
공통교양,RGC0003,26,불교와인간,2,이호경,월,810,930
공통교양,RGC0003,27,불교와인간,2,박대용(동광),화,1080,1180
공통교양,RGC0003,28,불교와인간,2,조법훈,수,1080,1180
공통교양,RGC0003,29,불교와인간,2,권순범,목,1080,1180
공통교양,RGC0003,30,불교와인간,2,박대용(동광),월,1180,1290
공통교양,RGC0003,31,불교와인간,2,명계환,수,1240,1340
공통교양,RGC0017,01,자아와명상1,1,장완순(행범),월,540,600
공통교양,RGC0017,02,자아와명상1,1,안효기(휴담),월,810,870
공통교양,RGC0017,03,자아와명상1,1,홍영길(정헌),화,540,600
공통교양,RGC0017,04,자아와명상1,1,이병진(덕림),수,540,600
공통교양,RGC0017,05,자아와명상1,1,위하나(금령),목,540,600
공통교양,RGC0017,06,자아와명상1,1,김수덕(서암),목,810,870
공통교양,RGC0017,07,자아와명상1,1,김근행(원상),금,540,600
공통교양,RGC0017,08,자아와명상1,1,장완순(행범),월,1080,1130
공통교양,RGC0017,09,자아와명상1,1,장완순(행범),월,1130,1180
공통교양,RGC0017,10,자아와명상1,1,공숙자(보희),월,960,1020
공통교양,RGC0017,16,자아와명상1,1,천윤성(윤성),화,780,840
공통교양,RGC0018,01,자아와명상2,1,이병진(덕림),월,540,600
공통교양,RGC0018,02,자아와명상2,1,하영수(진본),월,540,600
공통교양,RGC0018,03,자아와명상2,1,장완순(행범),월,600,660
공통교양,RGC0018,04,자아와명상2,1,이병진(덕림),월,600,660
공통교양,RGC0018,05,자아와명상2,1,하영수(진본),월,600,660
공통교양,RGC0018,06,자아와명상2,1,장완순(행범),월,660,720
공통교양,RGC0018,07,자아와명상2,1,이병진(덕림),월,660,720
공통교양,RGC0018,08,자아와명상2,1,하영수(진본),월,660,720
공통교양,RGC0018,09,자아와명상2,1,김창하(청목),월,810,870
공통교양,RGC0018,10,자아와명상2,1,안효기(휴담),월,870,930
공통교양,RGC0018,11,자아와명상2,1,김창하(청목),월,870,930
공통교양,RGC0018,12,자아와명상2,1,안효기(휴담),월,930,990
공통교양,RGC0018,13,자아와명상2,1,김창하(청목),월,930,990
공통교양,RGC0018,14,자아와명상2,1,안효기(휴담),화,540,600
공통교양,RGC0018,15,자아와명상2,1,조서호(법명),화,540,600
공통교양,RGC0018,16,자아와명상2,1,장완순(행범),월,900,960
공통교양,RGC0018,17,자아와명상2,1,홍영길(정헌),화,600,660
공통교양,RGC0018,18,자아와명상2,1,조서호(법명),화,600,660
공통교양,RGC0018,19,자아와명상2,1,안효기(휴담),화,600,660
공통교양,RGC0018,20,자아와명상2,1,홍영길(정헌),화,660,720
공통교양,RGC0018,21,자아와명상2,1,조서호(법명),화,660,720
공통교양,RGC0018,22,자아와명상2,1,안효기(휴담),화,660,720
공통교양,RGC0018,23,자아와명상2,1,김수덕(서암),수,540,600
공통교양,RGC0018,24,자아와명상2,1,이견명(견명),수,540,600
공통교양,RGC0018,25,자아와명상2,1,이병진(덕림),수,600,660
공통교양,RGC0018,26,자아와명상2,1,김수덕(서암),수,600,660
공통교양,RGC0018,27,자아와명상2,1,이견명(견명),수,600,660
공통교양,RGC0018,28,자아와명상2,1,김흥빈(지광),목,540,600
공통교양,RGC0018,29,자아와명상2,1,정주영(효림),목,540,600
공통교양,RGC0018,30,자아와명상2,1,위하나(금령),목,600,660
공통교양,RGC0018,31,자아와명상2,1,김흥빈(지광),목,600,660
공통교양,RGC0018,32,자아와명상2,1,정주영(효림),목,600,660
공통교양,RGC0018,33,자아와명상2,1,위하나(금령),목,660,720
공통교양,RGC0018,34,자아와명상2,1,김흥빈(지광),목,660,720
공통교양,RGC0018,35,자아와명상2,1,정주영(효림),목,660,720
공통교양,RGC0018,36,자아와명상2,1,신둘연(현봉),목,810,870
공통교양,RGC0018,37,자아와명상2,1,김수덕(서암),목,870,930
공통교양,RGC0018,38,자아와명상2,1,신둘연(현봉),목,870,930
공통교양,RGC0018,39,자아와명상2,1,김수덕(서암),목,930,990
공통교양,RGC0018,40,자아와명상2,1,신둘연(현봉),목,930,990
공통교양,RGC0018,41,자아와명상2,1,이동하(동하),금,540,600
공통교양,RGC0018,42,자아와명상2,1,이견명(견명),수,660,720
공통교양,RGC0018,43,자아와명상2,1,김근행(원상),금,600,660
공통교양,RGC0018,44,자아와명상2,1,이동하(동하),금,600,660
공통교양,RGC0018,45,자아와명상2,1,김근행(원상),금,660,720
공통교양,RGC0018,46,자아와명상2,1,이동하(동하),금,660,720
공통교양,RGC0018,47,자아와명상2,1,천윤성(윤성),화,1080,1130
공통교양,RGC0018,48,자아와명상2,1,김근행(원상),목,1080,1130
공통교양,RGC0018,49,자아와명상2,1,천윤성(윤성),화,1130,1180
공통교양,RGC0018,50,자아와명상2,1,김근행(원상),목,1130,1180
공통교양,RGC0018,51,자아와명상2,1,공숙자(보희),월,900,960
공통교양,RGC0018,52,자아와명상2,1,공숙자(보희),월,840,900
공통교양,RGC0018,53,자아와명상2,1,공숙자(보희),목,840,900
공통교양,RGC0018,54,자아와명상2,1,공숙자(보희),목,900,960
공통교양,RGC0018,55,자아와명상2,1,공숙자(보희),목,960,1020
공통교양,RGC1074,01,커리어 디자인,1,문재영,월,630,690,월,690,750
공통교양,RGC1074,02,커리어 디자인,1,문재영,월,900,960,월,960,1020
공통교양,RGC1074,03,커리어 디자인,1,문재영,월,810,870,월,870,930
공통교양,RGC1074,04,커리어 디자인,1,임윤서,화,540,600
공통교양,RGC1074,05,커리어 디자인,1,이송이,화,630,690
공통교양,RGC1074,06,커리어 디자인,1,임윤서,화,630,690
공통교양,RGC1074,07,커리어 디자인,1,임윤서,수,540,600
공통교양,RGC1074,08,커리어 디자인,1,이준일,수,540,600,수,600,660
공통교양,RGC1074,09,커리어 디자인,1,우혜인,수,540,600
공통교양,RGC1074,10,커리어 디자인,1,임윤서,수,600,660
공통교양,RGC1074,11,커리어 디자인,1,송혜령,수,540,600
공통교양,RGC1074,12,커리어 디자인,1,이준일,목,540,600
공통교양,RGC1074,13,커리어 디자인,1,박소연,목,540,600
공통교양,RGC1074,14,커리어 디자인,1,이준일,목,630,690
공통교양,RGC1074,15,커리어 디자인,1,박소연,목,630,690
공통교양,RGC1074,16,커리어 디자인,1,송혜령,금,630,690,금,690,750
공통교양,RGC1074,17,커리어 디자인,1,심태은,화,1080,1130,화,1130,1180
공통교양,RGC1074,18,커리어 디자인,1,임윤서,목,900,960
공통교양,RGC1074,19,커리어 디자인,1,강창호,화,780,840
공통교양,RGC1074,20,커리어 디자인,1,강창호,화,960,1020
공통교양,RGC1074,21,커리어 디자인,1,이송이,목,630,690,목,690,750
공통교양,RGC1074,22,커리어 디자인,1,송혜령,수,600,660
공통교양,RGC1074,23,커리어 디자인,1,김수현,금,750,810
공통교양,RGC1074,24,커리어 디자인,1,임윤서,목,810,870
공통교양,RGC1002,01,소통/미디어/윤리,2,정수진,월,810,930
공통교양,RGC1002,02,소통/미디어/윤리,2,정수진,월,990,1105
공통교양,RGC1002,03,소통/미디어/윤리,2,정수진,월,1130,1230
공통교양,RGC1004,01,다문화사회의삶,2,신현탁,금,630,750
공통교양,RGC1004,02,다문화사회의삶,2,서은숙,수,720,840
공통교양,RGC1004,03,다문화사회의삶,2,남근우,수,1130,1230
공통교양,RGC1005,01,사랑/우정/관용,2,박연희,목,540,660
공통교양,RGC1005,02,사랑/우정/관용,2,박연희,목,810,930
공통교양,RGC1005,03,사랑/우정/관용,2,박연희,목,930,1050
공통교양,RGC1006,01,민주주의와시장경제,2,최위정,수,540,660
공통교양,RGC1006,02,민주주의와시장경제,2,최위정,수,960,1080
공통교양,RGC1006,03,민주주의와시장경제,2,최위정,월,660,780
공통교양,RGC0005,02,기술보고서작성및발표,3,최현경,화,540,720
공통교양,RGC0005,03,기술보고서작성및발표,3,최수진,월,810,990
공통교양,RGC0005,04,기술보고서작성및발표,3,이재섭,목,810,990
공통교양,RGC0005,05,기술보고서작성및발표,3,오명원,월,900,1080
공통교양,RGC0005,06,기술보고서작성및발표,3,이지훈,화,780,960
공통교양,RGC0005,07,기술보고서작성및발표,3,전용덕,화,810,990
공통교양,RGC0005,08,기술보고서작성및발표,3,최수진,월,540,720
공통교양,RGC0005,09,기술보고서작성및발표,3,오명원,목,540,720
공통교양,RGC0005,10,기술보고서작성및발표,3,조미라,월,780,960
공통교양,RGC0005,11,기술보고서작성및발표,3,조미라,목,810,990
공통교양,RGC1075,01,아시아의사회와문화,2,최경아,월,660,780
공통교양,RGC1075,02,아시아의사회와문화,2,최경아,월,960,1080
공통교양,RGC1075,03,아시아의사회와문화,2,최지수,목,960,1080
공통교양,RGC1075,04,아시아의사회와문화,2,최지수,목,1130,1230
공통교양,RGC1075,05,아시아의사회와문화,2,배윤경,금,660,780
공통교양,RGC1075,06,아시아의사회와문화,2,배윤경,금,840,960
공통교양,RGC1076,02,아메리카의사회와문화,2,윤영도,수,840,960
공통교양,RGC1076,03,아메리카의사회와문화,2,남진희,목,540,660
공통교양,RGC1076,04,아메리카의사회와문화,2,남진희,목,660,780
공통교양,RGC1077,01,유럽의사회와문화,2,이상욱,화,660,780
공통교양,RGC1077,02,유럽의사회와문화,2,봉일원,화,840,960
공통교양,RGC1077,03,유럽의사회와문화,2,봉일원,화,960,1080
공통교양,RGC1077,04,유럽의사회와문화,2,홍웅호,수,660,780
공통교양,RGC1077,05,유럽의사회와문화,2,이상욱,수,960,1080
공통교양,RGC1078,03,아프리카의사회와문화,2,김유원,화,540,660
공통교양,RGC1030,01,BasicEAS,0,손윤희,화,720,840
공통교양,RGC1030,02,BasicEAS,0,박효진,화,960,1080
공통교양,RGC1030,03,BasicEAS,0,이난희,수,540,660
공통교양,RGC1030,04,BasicEAS,0,정승원,수,840,960
공통교양,RGC1030,05,BasicEAS,0,이난희,금,840,960
공통교양,RGC1030,06,BasicEAS,0,박에이미,월,540,660
공통교양,RGC1030,07,BasicEAS,0,김종갑,목,1130,1230
공통교양,RGC1080,01,EAS1,2,브라이언오라스,월,720,840
공통교양,RGC1080,02,EAS1,2,브라이언오라스,목,720,840
공통교양,RGC1080,03,EAS1,2,알렉스,월,600,720
공통교양,RGC1080,04,EAS1,2,찰스크로이터,월,630,750
공통교양,RGC1080,05,EAS1,2,김명숙,목,600,720
공통교양,RGC1080,07,EAS1,2,마이클오코넬,화,930,1050
공통교양,RGC1080,09,EAS1,2,마이클오코넬,월,810,930
공통교양,RGC1080,10,EAS1,2,크레이그블리스,월,870,990
공통교양,RGC1080,12,EAS1,2,게럿파월,월,1180,1290
공통교양,RGC1080,13,EAS1,2,알렉스,화,660,780
공통교양,RGC1080,14,EAS1,2,알렉스,목,600,720
공통교양,RGC1080,15,EAS1,2,지나한,화,1080,1180
공통교양,RGC1080,16,EAS1,2,제이미멜린추크,목,1080,1180
공통교양,RGC1080,17,EAS1,2,게럿파월,월,960,1080
공통교양,RGC1080,18,EAS1,2,벤윌리스,금,780,900
공통교양,RGC1080,19,EAS1,2,데이린프롤리,수,1130,1230
공통교양,RGC1080,20,EAS1,2,바트서플,목,780,900
공통교양,RGC1080,21,EAS1,2,지나한,월,780,900
공통교양,RGC1080,22,EAS1,2,브라이언오라스,월,900,1020
공통교양,RGC1080,23,EAS1,2,폴로저스,화,840,960
공통교양,RGC1080,24,EAS1,2,바트서플,화,780,900
공통교양,RGC1080,25,EAS1,2,폴로저스,수,840,960
공통교양,RGC1080,26,EAS1,2,제이미멜린추크,수,1180,1290
공통교양,RGC1080,27,EAS1,2,게럿파월,수,600,720
공통교양,RGC1080,29,EAS1,2,제이미멜린추크,금,1080,1180
공통교양,RGC1080,30,EAS1,2,마이클오코넬,월,990,1105
공통교양,RGC1080,31,EAS1,2,폴로저스,목,840,960
공통교양,RGC1080,32,EAS1,2,마이클오코넬,목,960,1080
공통교양,RGC1080,33,EAS1,2,캐서린무어,화,1180,1290
공통교양,RGC1080,34,EAS1,2,캐서린무어,화,1080,1180
공통교양,RGC1080,35,EAS1,2,게럿파월,금,600,720
공통교양,RGC1080,36,EAS1,2,마이클오코넬,수,840,960
공통교양,RGC1080,37,EAS1,2,브라이언오라스,수,960,1080
공통교양,RGC1080,38,EAS1,2,마이클오코넬,수,720,840
공통교양,RGC1080,39,EAS1,2,브라이언오라스,수,840,960
공통교양,RGC1080,40,EAS1,2,브라이언오라스,금,720,840
공통교양,RGC1080,41,EAS1,2,소컴켕,목,1180,1290
공통교양,RGC1080,42,EAS1,2,제이미멜린추크,월,1130,1230
공통교양,RGC1081,01,EAS2,2,제프벨리,목,1080,1180
공통교양,RGC1081,02,EAS2,2,키난페건,월,720,840
공통교양,RGC1081,03,EAS2,2,사무엘맥도널드,목,720,840
공통교양,RGC1081,04,EAS2,2,소컴켕,화,1240,1340
공통교양,RGC1081,05,EAS2,2,소컴켕,목,1080,1180
공통교양,RGC1081,06,EAS2,2,사무엘맥도널드,월,630,750
공통교양,RGC1081,07,EAS2,2,션커멘,목,600,720
공통교양,RGC1081,08,EAS2,2,피오나맥마틴,월,1240,1340
공통교양,RGC1081,09,EAS2,2,제이미커크,화,840,960
공통교양,RGC1081,10,EAS2,2,쟌아다마,수,1080,1180
공통교양,RGC1081,100,EAS2,2,제이미멜린추크,화,1130,1230
공통교양,RGC1081,101,EAS2,2,션커멘,수,540,660
공통교양,RGC1081,102,EAS2,2,키난페건,수,660,780
공통교양,RGC1081,103,EAS2,2,사무엘오스틴,수,780,900
공통교양,RGC1081,104,EAS2,2,키난페건,수,540,660
공통교양,RGC1081,105,EAS2,2,찰스크로이터,수,660,780
공통교양,RGC1081,106,EAS2,2,김명숙,수,780,900
공통교양,RGC1081,107,EAS2,2,제이미커크,수,900,1020
공통교양,RGC1081,108,EAS2,2,소컴켕,수,1020,1130
공통교양,RGC1081,109,EAS2,2,키난페건,월,540,660
공통교양,RGC1081,11,EAS2,2,쟌아다마,월,1240,1340
공통교양,RGC1081,110,EAS2,2,소컴켕,수,1240,1340
공통교양,RGC1081,111,EAS2,2,에이미우,월,780,900
공통교양,RGC1081,112,EAS2,2,에이미우,월,900,1020
공통교양,RGC1081,113,EAS2,2,피오나맥마틴,월,1130,1230
공통교양,RGC1081,115,EAS2,2,제이미커크,월,900,1020
공통교양,RGC1081,116,EAS2,2,션커멘,월,540,660
공통교양,RGC1081,117,EAS2,2,션커멘,월,660,780
공통교양,RGC1081,118,EAS2,2,션커멘,금,540,660
공통교양,RGC1081,12,EAS2,2,제이미커크,목,840,960
공통교양,RGC1081,121,EAS2,2,김명숙,목,900,1020
공통교양,RGC1081,122,EAS2,2,스티븐쿤스,금,1130,1230
공통교양,RGC1081,123,EAS2,2,제프리조단,목,660,780
공통교양,RGC1081,124,EAS2,2,데미안,목,780,900
공통교양,RGC1081,125,EAS2,2,바트서플,목,900,1020
공통교양,RGC1081,126,EAS2,2,크레이그블리스,월,540,660
공통교양,RGC1081,127,EAS2,2,데미안,월,840,960
공통교양,RGC1081,128,EAS2,2,데미안,월,960,1080
공통교양,RGC1081,129,EAS2,2,패트릭,월,540,660
공통교양,RGC1081,13,EAS2,2,제이미멜린추크,수,1080,1180
공통교양,RGC1081,130,EAS2,2,패트릭,월,660,780
공통교양,RGC1081,131,EAS2,2,패트릭,화,540,660
공통교양,RGC1081,132,EAS2,2,사무엘맥도널드,화,660,780
공통교양,RGC1081,133,EAS2,2,브라이언킨,화,780,900
공통교양,RGC1081,134,EAS2,2,브라이언킨,화,900,1020
공통교양,RGC1081,135,EAS2,2,데런크레인,화,1020,1130
공통교양,RGC1081,136,EAS2,2,사무엘맥도널드,수,540,660
공통교양,RGC1081,137,EAS2,2,피오나맥마틴,목,1240,1340
공통교양,RGC1081,138,EAS2,2,바트서플,수,780,900
공통교양,RGC1081,139,EAS2,2,김명숙,수,900,1020
공통교양,RGC1081,14,EAS2,2,브라이언킨,월,870,990
공통교양,RGC1081,140,EAS2,2,사무엘맥도널드,화,540,660
공통교양,RGC1081,141,EAS2,2,김명숙,화,780,900
공통교양,RGC1081,142,EAS2,2,바트서플,화,900,1020
공통교양,RGC1081,144,EAS2,2,키아란피에차카,금,660,780
공통교양,RGC1081,145,EAS2,2,에린오카모토,금,780,900
공통교양,RGC1081,146,EAS2,2,쟌아다마,금,900,1020
공통교양,RGC1081,147,EAS2,2,제프리조단,월,720,840
공통교양,RGC1081,148,EAS2,2,바트서플,월,840,960
공통교양,RGC1081,149,EAS2,2,데런크레인,월,960,1080
공통교양,RGC1081,15,EAS2,2,게럿파월,목,780,900
공통교양,RGC1081,150,EAS2,2,크레이그블리스,화,540,660
공통교양,RGC1081,151,EAS2,2,패트릭,화,660,780
공통교양,RGC1081,152,EAS2,2,찰스크로이터,화,780,900
공통교양,RGC1081,153,EAS2,2,김명숙,화,900,1020
공통교양,RGC1081,154,EAS2,2,키아란피에차카,화,1020,1130
공통교양,RGC1081,155,EAS2,2,피오나맥마틴,화,1130,1230
공통교양,RGC1081,156,EAS2,2,키아란피에차카,수,540,660
공통교양,RGC1081,157,EAS2,2,제프벨리,목,1180,1290
공통교양,RGC1081,159,EAS2,2,에린오카모토,수,1130,1230
공통교양,RGC1081,16,EAS2,2,키난페건,목,540,660
공통교양,RGC1081,160,EAS2,2,찰스크로이터,목,660,780
공통교양,RGC1081,161,EAS2,2,벤윌리스,목,1020,1130
공통교양,RGC1081,162,EAS2,2,브라이언킨,목,1130,1230
공통교양,RGC1081,163,EAS2,2,지나한,목,1130,1230
공통교양,RGC1081,17,EAS2,2,크레이그블리스,화,660,780
공통교양,RGC1081,18,EAS2,2,키난페건,화,540,660
공통교양,RGC1081,20,EAS2,2,사무엘맥도널드,목,600,720
공통교양,RGC1081,21,EAS2,2,제프벨리,화,1080,1180
공통교양,RGC1081,22,EAS2,2,캐서린무어,목,1080,1180
공통교양,RGC1081,23,EAS2,2,소컴켕,월,960,1080
공통교양,RGC1081,24,EAS2,2,바트서플,월,990,1105
공통교양,RGC1081,25,EAS2,2,제이미멜린추크,월,1240,1340
공통교양,RGC1081,26,EAS2,2,데런크레인,목,960,1080
공통교양,RGC1081,27,EAS2,2,쟌아다마,월,900,1020
공통교양,RGC1081,28,EAS2,2,쟌아다마,수,1180,1290
공통교양,RGC1081,29,EAS2,2,브라이언킨,목,780,900
공통교양,RGC1081,30,EAS2,2,에이미우,금,660,780
공통교양,RGC1081,33,EAS2,2,게럿파월,목,900,1020
공통교양,RGC1081,34,EAS2,2,정효진,목,900,1020
공통교양,RGC1081,35,EAS2,2,패트릭,수,540,660
공통교양,RGC1081,36,EAS2,2,제프벨리,화,1180,1290
공통교양,RGC1081,37,EAS2,2,캐서린무어,수,780,900
공통교양,RGC1081,38,EAS2,2,데미안,수,900,1020
공통교양,RGC1081,39,EAS2,2,제이미커크,수,1020,1130
공통교양,RGC1081,40,EAS2,2,정효진,목,720,840
공통교양,RGC1081,41,EAS2,2,사무엘오스틴,목,840,960
공통교양,RGC1081,43,EAS2,2,브라이언킨,금,660,780
공통교양,RGC1081,44,EAS2,2,제프리조단,화,540,660
공통교양,RGC1081,45,EAS2,2,제프리조단,화,660,780
공통교양,RGC1081,46,EAS2,2,지나한,화,780,900
공통교양,RGC1081,47,EAS2,2,정효진,화,900,1020
공통교양,RGC1081,48,EAS2,2,제이미커크,화,1020,1130
공통교양,RGC1081,49,EAS2,2,크레이그블리스,수,540,660
공통교양,RGC1081,50,EAS2,2,사무엘오스틴,수,960,1080
공통교양,RGC1081,51,EAS2,2,데런크레인,월,1180,1290
공통교양,RGC1081,53,EAS2,2,사무엘오스틴,금,660,780
공통교양,RGC1081,54,EAS2,2,쟌아다마,금,780,900
공통교양,RGC1081,55,EAS2,2,캐서린무어,금,780,900
공통교양,RGC1081,56,EAS2,2,에린오카모토,금,1020,1130
공통교양,RGC1081,58,EAS2,2,스티븐쿤스,월,1130,1230
공통교양,RGC1081,59,EAS2,2,에린오카모토,화,780,900
공통교양,RGC1081,60,EAS2,2,에린오카모토,화,900,1020
공통교양,RGC1081,61,EAS2,2,정효진,화,1020,1130
공통교양,RGC1081,62,EAS2,2,제프리조단,수,540,660
공통교양,RGC1081,63,EAS2,2,피오나맥마틴,수,1130,1230
공통교양,RGC1081,64,EAS2,2,에린오카모토,수,900,1020
공통교양,RGC1081,65,EAS2,2,데미안,수,1020,1130
공통교양,RGC1081,66,EAS2,2,피오나맥마틴,수,1240,1340
공통교양,RGC1081,68,EAS2,2,데런크레인,화,1180,1290
공통교양,RGC1081,69,EAS2,2,지나한,금,780,900
공통교양,RGC1081,70,EAS2,2,데런크레인,금,900,1020
공통교양,RGC1081,71,EAS2,2,스티븐쿤스,목,1240,1340
공통교양,RGC1081,72,EAS2,2,벤윌리스,월,840,960
공통교양,RGC1081,76,EAS2,2,벤윌리스,화,660,780
공통교양,RGC1081,78,EAS2,2,스티븐쿤스,화,1240,1340
공통교양,RGC1081,79,EAS2,2,게럿파월,목,1180,1290
공통교양,RGC1081,80,EAS2,2,쟌아다마,수,840,960
공통교양,RGC1081,81,EAS2,2,지나한,금,1080,1180
공통교양,RGC1081,82,EAS2,2,크레이그블리스,목,720,840
공통교양,RGC1081,83,EAS2,2,캐서린무어,목,840,960
공통교양,RGC1081,84,EAS2,2,데미안,목,960,1080
공통교양,RGC1081,85,EAS2,2,데미안,금,600,720
공통교양,RGC1081,86,EAS2,2,소컴켕,월,1180,1290
공통교양,RGC1081,87,EAS2,2,데미안,금,720,840
공통교양,RGC1081,88,EAS2,2,정효진,월,780,900
공통교양,RGC1081,90,EAS2,2,정효진,월,1020,1130
공통교양,RGC1081,91,EAS2,2,패트릭,목,540,660
공통교양,RGC1081,92,EAS2,2,쟌아다마,목,840,960
공통교양,RGC1081,93,EAS2,2,쟌아다마,목,960,1080
공통교양,RGC1081,94,EAS2,2,벤윌리스,목,900,1020
공통교양,RGC1081,95,EAS2,2,제프리조단,월,540,660
공통교양,RGC1081,96,EAS2,2,에린오카모토,월,780,900
공통교양,RGC1081,97,EAS2,2,사무엘오스틴,월,900,1020
공통교양,RGC1081,98,EAS2,2,크레이그블리스,목,600,720
공통교양,RGC1081,99,EAS2,2,지나한,목,720,840
공통교양,RGC6004,01,한국사회의이슈,3,정군기,화,540,630,금,540,630
공통교양,RGC8005,01,한국의역사와전통,3,정성인,화,540,630,금,540,630
공통교양,RGC8007,01,한중텍스트소통,3,임미주,월,540,630,목,540,630
공통교양,RGC8008,01,한국대중문화이해,3,성진수,화,630,720,금,630,720
학문기초,PRI4001,01,미적분학및연습1,3,심호진,월,720,780,수,720,840
학문기초,PRI4001,02,미적분학및연습1,3,박장희,월,720,810,수,660,750
학문기초,PRI4002,01,일반물리학및실험1,4,이원철,월,660,780,월,810,900,수,750,840
학문기초,PRI4002,02,일반물리학및실험1,4,오형택,월,930,1105,월,1105,1205
학문기초,PRI4012,01,미적분학및연습2,3,임영빈,월,720,810,수,660,750
학문기초,PRI4012,02,미적분학및연습2,3,오승익,월,720,810,수,660,750
학문기초,PRI4012,03,미적분학및연습2,3,조영덕,월,720,810,수,660,750
학문기초,PRI4012,04,미적분학및연습2,3,심호진,월,990,1080,수,840,930
학문기초,PRI4012,05,미적분학및연습2,3,오승익,월,990,1080,수,840,930
학문기초,PRI4012,06,미적분학및연습2,3,조영덕,월,990,1080,수,840,930
학문기초,PRI4012,07,미적분학및연습2,3,안재욱,화,720,810,목,720,810
학문기초,PRI4012,08,미적분학및연습2,3,김선영,화,720,810,목,720,810
학문기초,PRI4012,09,미적분학및연습2,3,연미정,화,720,810,목,720,810
학문기초,PRI4012,10,미적분학및연습2,3,오형석,수,1080,1230
학문기초,PRI4012,11,미적분학및연습2,3,임영빈,화,840,930,목,840,930
학문기초,PRI4012,12,미적분학및연습2,3,김선영,화,840,930,목,840,930
학문기초,PRI4012,13,미적분학및연습2,3,박상웅,화,840,930,목,840,930
학문기초,PRI4012,14,미적분학및연습2,3,엄건애,화,720,810,목,720,810
학문기초,PRI4012,15,미적분학및연습2,3,박정준,화,960,1050,목,990,1080
학문기초,PRI4012,16,미적분학및연습2,3,송윤애,수,750,840,금,720,810
학문기초,PRI4012,17,미적분학및연습2,3,박호,화,1080,1230
학문기초,PRI4013,01,일반물리학및실험2,4,정권범,월,540,660,월,720,810,수,660,750
학문기초,PRI4013,02,일반물리학및실험2,4,손정인,월,720,810,수,660,750,목,540,660
학문기초,PRI4013,03,일반물리학및실험2,4,곽동욱,월,1080,1230,월,1240,1340
학문기초,PRI4013,04,일반물리학및실험2,4,유상구,화,1080,1230,화,1240,1340
학문기초,PRI4013,05,일반물리학및실험2,4,이동화,화,960,1050,목,990,1080,금,540,660
학문기초,PRI4013,06,일반물리학및실험2,4,이원철,화,720,810,수,540,660,목,720,810
학문기초,PRI4013,07,일반물리학및실험2,4,김선배,화,720,810,수,840,960,목,720,810
학문기초,PRI4013,08,일반물리학및실험2,4,김순구,화,540,660,화,960,1050,목,990,1080
학문기초,PRI4013,09,일반물리학및실험2,4,박경원,화,720,840,화,840,930,금,840,930
학문기초,PRI4013,10,일반물리학및실험2,4,오형택,수,750,840,수,960,1080,금,720,810
학문기초,PRI4013,11,일반물리학및실험2,4,류영선,수,1080,1230,수,1240,1340
학문기초,PRI4014,01,일반화학및실험2,4,김갑수,월,540,630,월,720,840,화,630,720
학문기초,PRI4014,02,일반화학및실험2,4,윤성욱,월,600,720,월,720,810,수,660,750
학문기초,PRI4014,03,일반화학및실험2,4,김갑수,화,720,810,목,720,810,목,840,960
학문기초,PRI4014,04,일반화학및실험2,4,김갑수,월,1080,1230,화,810,930
학문기초,PRI4014,05,일반화학및실험2,4,이길선,목,960,1130,금,720,840
학문기초,PRI4015,01,일반생물학및실험2,3,이보영,화,960,1080,금,840,960
학문기초,PRI4015,02,일반생물학및실험2,3,정상민,월,1080,1180,월,1180,1290
학문기초,PRI4015,03,일반생물학및실험2,3,김병혁,월,840,960,월,960,1080
학문기초,PRI4015,04,일반생물학및실험2,3,조선희,화,540,660,목,870,990
학문기초,PRI4016,01,일반통계학및실습2,3,정선,화,840,960,수,840,960
학문기초,PRI4023,01,확률및통계학,3,김희경,월,720,810,수,660,750
학문기초,PRI4023,02,확률및통계학,3,정선,화,720,810,목,720,810
학문기초,PRI4023,03,확률및통계학,3,곽화륜,수,1080,1230
학문기초,PRI4023,04,확률및통계학,3,최은희,화,960,1130
학문기초,PRI4023,05,확률및통계학,3,곽화륜,화,1080,1230
학문기초,PRI4024,01,공학선형대수학,3,임영빈,월,990,1080,수,840,930
학문기초,PRI4024,02,공학선형대수학,3,임영빈,화,720,810,목,720,810
학문기초,PRI4024,03,공학선형대수학,3,조영덕,화,840,930,금,840,930
학문기초,PRI4024,04,공학선형대수학,3,조영덕,수,960,1050,금,960,1050
학문기초,PRI4025,01,공학수학1,3,최광호,월,720,810,수,660,750
학문기초,PRI4025,02,공학수학1,3,연미정,월,990,1080,수,840,930
학문기초,PRI4025,03,공학수학1,3,최광호,화,720,810,목,720,810
학문기초,PRI4027,01,이산수학,3,정화용,월,720,810,수,660,750
학문기초,PRI4028,01,생물학개론,3,이보영,월,990,1080,수,840,930
학문기초,PRI4028,02,생물학개론,3,한미희,화,720,810,목,720,810
학문기초,PRI4028,03,생물학개론,3,조선희,화,960,1050,목,990,1080
학문기초,PRI4028,04,생물학개론,3,이재영,수,1080,1230
학문기초,PRI4028,05,생물학개론,3,조선희,수,750,840,금,720,810
학문기초,PRI4029,01,물리학개론,3,오형택,화,840,930,금,840,930
학문기초,PRI4029,02,물리학개론,3,김선배,금,780,960
학문기초,PRI4030,01,화학개론,3,윤성욱,월,990,1080,수,840,930
학문기초,PRI4030,02,화학개론,3,유미경,화,810,900,목,810,900
학문기초,PRI4030,03,화학개론,3,이종혁,수,1080,1230
학문기초,PRI4030,04,화학개론,3,조현진,목,720,900
학문기초,PRI4033,01,지구환경과학,3,조봉연,월,720,810,수,660,750
학문기초,PRI4033,02,지구환경과학,3,조봉연,수,1080,1230
학문기초,PRI4041,01,공학경제,3,김소정,월,720,810,수,660,750
학문기초,PRI4041,02,공학경제,3,서용윤,월,990,1080,수,840,930
학문기초,PRI4041,03,공학경제,3,홍성조,화,1080,1230
학문기초,PRI4041,04,공학경제,3,김상직,수,960,1050,금,960,1050
